[ {
  "displayOrderId" : 1,
  "status" : "Todo",
  "leftStatus" : "NA",
  "rightStatus" : "In Progress",
  "jumpToStatus" : "NA",
  "addable" : true,
  "editable" : true,
  "deletable" : true,
  "archivable" : false,
  "createdAt" : "2025-06-22T10:12:52.777428",
  "updatedAt" : "2025-06-22T10:32:14.324058"
}, {
  "displayOrderId" : 3,
  "status" : "Done",
  "leftStatus" : "In Progress",
  "rightStatus" : "NA",
  "jumpToStatus" : "NA",
  "addable" : false,
  "editable" : false,
  "deletable" : false,
  "archivable" : false,
  "createdAt" : "2025-06-22T10:13:04.405987",
  "updatedAt" : "2025-06-22T10:32:18.6486731"
}, {
  "displayOrderId" : 2,
  "status" : "In Progress",
  "leftStatus" : "Todo",
  "rightStatus" : "NA",
  "jumpToStatus" : "Done",
  "addable" : false,
  "editable" : false,
  "deletable" : false,
  "archivable" : false,
  "createdAt" : "2025-06-22T10:32:00.108621",
  "updatedAt" : "2025-06-22T10:32:08.428212"
} ]